"qq_","silhouette_values"
2,-0.00449016230487383
3,-0.019334376161991
4,-0.0315607915480234
